NULL,model1,2010-04-13,sell,-6.112293955189354,1145.490375827467,2010-04-13,1123.7273036056658,180.13063464537362
NULL,model1,2010-04-14,buy,6.112293955189354,1152.0,2010-04-14,1145.490375827467,-39.78873648032792
NULL,model1,2010-04-19,buy,18.58547912918676,1137.0,2010-04-19,1143.936435589547,128.91697888047486
NULL,model1,2010-04-23,buy,6.183368417409932,1141.8,2010-04-23,1132.192128393755,-59.40900984858496
NULL,model1,2010-05-06,buy,6.028563354704565,1192.008879879172,2010-05-06,1159.3603586808952,44.25618077096977
NULL,model1,2010-05-17,sell,-6.028563354704565,1232.0,2010-05-17,1192.008879879172,241.0890012740127
NULL,model1,2010-05-25,buy,9.723964495999812,1192.4,2010-05-25,1206.5397915675046,137.49483118325145
NULL,model1,2010-06-02,sell,-4.680123461642033,1227.7,2010-06-02,1220.7188234831194,32.672768006517416
NULL,model1,2010-06-04,buy,9.687808166386322,1208.5,2010-06-04,1204.9355373254348,-34.53183060743217
NULL,model1,2010-06-08,sell,-4.736998136310809,1242.6,2010-06-08,1232.4460503771825,48.099240439480035
NULL,model1,2010-06-10,buy,9.963719952043522,1234.4,2010-06-10,1224.2357879691035,-101.27336220904505
NULL,model1,2010-06-21,sell,-5.263221699495678,1238.0695928531438,2010-06-21,1243.9993552699048,-36.06239581017369
NULL,model1,2010-06-22,buy,10.124907966897757,1233.3,2010-06-22,1249.1761414907157,160.74447146294423
NULL,model1,2010-07-08,buy,10.20991144649073,1202.9,2010-07-08,1235.3087774499836,330.89074785335737
NULL,model1,2010-07-19,buy,5.034466559798301,1193.7,2010-07-19,1191.50349047151,-11.058253769461082
NULL,model1,2010-07-29,buy,16.302522035087804,1165.8,2010-07-29,1168.4346235608991,42.951008655720244
NULL,model1,2010-08-05,sell,-5.794654286019896,1197.0,2010-08-05,1202.9953967713702,-34.741251597610315
NULL,model1,2010-08-10,sell,-6.007120509295238,1203.3,2010-08-10,1205.9200104814365,-15.738718697606087
NULL,model1,2010-08-18,sell,-6.313246965532542,1226.8,2010-08-18,1215.4468737945574,71.67508956581817
NULL,model1,2010-08-25,buy,24.941573491574516,1232.1,2010-08-25,1217.645150894152,-360.52668128312484
NULL,model1,2010-09-10,buy,6.85458156254482,1245.8,2010-09-10,1243.699679879328,-14.396815574600168
NULL,model1,2010-09-28,sell,-7.561461797832421,1284.4804609262833,2010-09-28,1283.6904983035552,5.644642789379986
NULL,model1,2010-09-29,buy,0.4160062699667053,1310.8,2010-09-29,1284.4804609262833,-10.949093277299825
NULL,model1,2010-10-08,sell,-0.22203771171932996,1334.2,2010-10-08,1324.4741474720804,57.1058562636972
NULL,model1,2010-10-15,sell,-6.275122959676078,1381.7000000000003,2010-10-15,1352.1524494451671,185.41451288882172
NULL,model1,2010-10-25,buy,6.0190448149979,1329.3,2010-10-25,1359.4527986630487,96.80250181532406
NULL,model1,2010-10-26,sell,-5.904179409540346,1340.3,2010-10-26,1329.3,64.94597350494381
NULL,model1,2010-10-29,sell,-5.427546435849982,1344.5,2010-10-29,1343.070314574296,7.759684036666763
NULL,model1,2010-11-04,buy,5.156540869822352,1359.1363517911386,2010-11-04,1336.8014545177982,-346.33294066593265
NULL,model1,2010-11-10,sell,-4.337678412951736,1384.6609656521575,2010-11-10,1359.1360791856648,174.13977871924806
NULL,model1,2010-11-18,buy,4.337678412951736,1336.0,2010-11-18,1384.6609656521575,211.07562026274962
NULL,model1,2010-11-29,buy,4.186190821719393,1365.0,2010-11-29,1350.9574101190997,-58.78496087259455
NULL,model1,2010-12-06,sell,-4.338429542831738,1415.1,2010-12-06,1383.5166800176157,137.02200847228352
NULL,model1,2010-12-09,buy,9.16684183987213,1383.0,2010-12-09,1391.7669467893443,80.36521463649373
NULL,model1,2010-12-16,sell,-4.747640290208146,1362.49679507772,2010-12-16,1379.343175845884,4.018456445403677
NULL,model1,2010-12-17,buy,4.747640290208146,1370.4,2010-12-17,1362.49679507772,-37.52157411078839
NULL,model1,2011-01-03,sell,-5.6616414543772455,1420.4,2011-01-03,1402.827259026701,99.49055876146319
NULL,model1,2011-01-10,buy,16.84266036347986,1369.8,2011-01-10,1402.6846111164632,553.8643362197048
NULL,model1,2011-01-21,buy,5.7629869018810265,1345.5,2011-01-21,1366.2631614984653,119.65782775729568
NULL,model1,2011-01-26,buy,17.989466309332844,1331.5,2011-01-26,1325.0544447859265,-115.95209836851924
NULL,model1,2011-01-28,buy,5.920571506422423,1314.9,2011-01-28,1312.858754148725,-12.085342024662383
NULL,model1,2011-02-04,sell,-5.302312694359979,1356.4,2011-02-04,1354.5940993630954,9.575449871812312
NULL,model1,2011-02-14,sell,-5.5615872402653785,1358.2,2011-02-14,1369.6626684691112,-63.7506306972007
NULL,model1,2011-02-24,sell,-5.993656469375907,1394.170476516392,2011-02-24,1393.2239258608658,-3.540023031152629
NULL,model1,2011-02-25,buy,5.314734964038334,1401.9,2011-02-25,1394.170476516392,-41.08036871368731
NULL,model1,2011-03-02,sell,-6.22136699845028,1434.9,2011-03-02,1428.1936040495139,41.722950444895694
NULL,model1,2011-03-04,buy,11.547427573988053,1415.7,2011-03-04,1417.1191342836798,16.387350358555857
NULL,model1,2011-03-08,sell,-6.487440694621186,1432.2999999999997,2011-03-08,1435.0,-17.516089875477498
NULL,model1,2011-03-16,buy,12.81875050880287,1394.8,2011-03-16,1413.4740878413347,239.37847301753953
NULL,model1,2011-03-25,sell,-5.974219561646881,1433.5000000000002,2011-03-25,1446.6675041426686,-78.66556082719696
NULL,model1,2011-03-29,buy,23.820546613066703,1421.0,2011-03-29,1416.8957042399302,-97.76656846655511
NULL,model1,2011-04-04,buy,6.1087559443078465,1430.0,2011-04-04,1420.3247827994962,-59.103540586046904
NULL,model1,2011-04-11,sell,-6.261739195687531,1476.3,2011-04-11,1447.955121060316,177.48823945363665
NULL,model1,2011-04-13,buy,6.479757908509291,1454.0,2011-04-13,1455.5245703546643,9.878846812714942
NULL,model1,2011-05-04,sell,-5.57181029639072,1517.976124938542,2011-05-04,1472.4757531125597,416.8198781865944
NULL,model1,2011-05-10,buy,5.57181029639072,1512.5,2011-05-10,1517.976124938542,30.511929316889997
NULL,model1,2011-05-13,buy,4.809898648303735,1506.5,2011-05-13,1490.788778227033,-75.56938436899449
NULL,model1,2011-05-18,buy,4.723459676183815,1486.5,2011-05-18,1480.4836901475187,-28.417796987622815
NULL,model1,2011-05-30,sell,-4.9070753875784,1538.1,2011-05-30,1534.176620052384,19.25232117706517
NULL,model1,2011-06-02,sell,-5.806402870669962,1521.8367764763846,2011-06-02,1546.7380040247594,-134.1026557384569
NULL,model1,2011-06-03,buy,11.364596969896244,1535.0,2011-06-03,1531.0885323284147,-44.452253648345895
NULL,model1,2011-06-14,buy,10.40264495359028,1516.5,2011-06-14,1523.451814215543,72.31725506761536
NULL,model1,2011-06-23,sell,-6.741066403046011,1535.090252548368,2011-06-23,1549.267538185004,-101.84718858072166
NULL,model1,2011-06-30,buy,19.5338979717366,1512.3,2011-06-30,1539.4302569565682,529.9596713366012
NULL,model1,2011-07-04,buy,6.67685812590202,1486.8,2011-07-04,1491.2567602774163,-68.3745909869156
NULL,model1,2011-07-19,sell,-6.744116456396351,1606.1,2011-07-19,1486.946574494303,803.5845777889677
NULL,model1,2011-07-21,buy,6.568061554176288,1601.9,2011-07-21,1581.9147901575402,-131.2640884184063
NULL,model1,2011-08-01,sell,-6.355082660527877,1610.1438751868586,2011-08-01,1633.5502209236413,-146.3402332195433
NULL,model1,2011-08-02,buy,6.23638609605702,1642.867662241554,2011-08-02,1610.1438751868586,-1.2820097051812702
NULL,model1,2011-08-25,sell,-2.9228728604143392,1709.6943608780211,2011-08-25,1642.867662241554,686.8277799230285
NULL,model1,2011-08-30,buy,2.6283789450937536,1843.5267088742664,2011-08-30,1709.6943608780211,-238.5229078463985
NULL,model1,2011-09-05,sell,-2.6283789450937536,1879.9000000000003,2011-09-05,1843.5267088742664,95.60279255864383
NULL,model1,2011-09-08,buy,2.787045121546891,1819.5,2011-09-08,1827.6115932903497,22.607376507841554
NULL,model1,2011-09-13,buy,5.147662476853463,1816.7999999999997,2011-09-13,1805.999827387593,-55.59564330042728
NULL,model1,2011-09-16,buy,2.517694404703386,1790.5000000000002,2011-09-16,1775.5667134742105,-37.597451929812756
NULL,model1,2011-09-29,buy,12.808127731536493,1609.3,2011-09-29,1757.7351843722763,1901.176801294285
NULL,model1,2011-10-21,buy,2.3194939831115224,1620.9,2011-10-21,1616.336037278605,-10.586084071420993
NULL,model1,2011-10-31,sell,-6.808176197877595,1743.1,2011-10-31,1690.0453984057424,361.2050757619027
NULL,model1,2011-11-02,buy,6.961466695748973,1721.5,2011-11-02,1702.1348014050889,-134.81018507503867
NULL,model1,2011-11-09,sell,-7.503286296413489,1787.4,2011-11-09,1798.1913870245512,-80.97086638060871
NULL,model1,2011-11-11,buy,7.550201660823886,1759.5999999999997,2011-11-11,1757.27070021856,-17.58668307838414
NULL,model1,2011-11-23,buy,19.54971660772635,1699.9,2011-11-23,1742.7164521227082,837.0495051472275
NULL,model1,2011-12-02,sell,-4.1764095162286,1748.5,2011-12-02,1725.278681794434,96.98173433309795
NULL,model1,2011-12-20,buy,8.462976740920883,1595.5,2011-12-20,1712.2225803760916,987.8204828631317
NULL,model1,2012-01-04,buy,14.35694819984792,1604.9,2012-01-04,1569.0012675706284,-515.3962419286895
NULL,model1,2012-01-12,sell,-9.622102866892913,1643.5,2012-01-12,1643.6412627372895,-1.3592445894582492
NULL,model1,2012-01-18,sell,-5.4197749195818306,1651.5,2012-01-18,1662.3469282635874,-58.78790975749437
NULL,model1,2012-02-01,sell,-5.663958279372245,1739.8,2012-02-01,1684.583090851112,312.7462697351888
NULL,model1,2012-02-07,buy,4.697623136138038,1722.5,2012-02-07,1727.0942016039764,-43.31263586282272
NULL,model1,2012-02-13,buy,11.948061793015675,1727.3999999999999,2012-02-13,1719.567123770815,-93.58768920334722
NULL,model1,2012-02-27,sell,-6.257315898333116,1776.8,2012-02-27,1753.4114495957945,146.34954828320042
NULL,model1,2012-03-06,sell,-6.2831789450402,1673.8826963909037,2012-03-06,1761.6832492793908,1408.4634110548543
NULL,model1,2012-03-08,buy,6.2831789450402,1685.7,2012-03-08,1673.8826963909037,-74.25023322382188
NULL,model1,2012-03-20,buy,12.52987626970382,1664.6,2012-03-20,1681.6497440536143,213.63118342190694
NULL,model1,2012-03-23,buy,6.0447735627253625,1644.1,2012-03-23,1636.0744360612687,-48.51271672280462
NULL,model1,2012-03-29,buy,6.348948622057362,1664.5999999999997,2012-03-29,1655.8783294557606,-55.37343818388613
NULL,model1,2012-04-04,sell,-6.462590680529759,1643.5399665607924,2012-04-04,1651.107551678629,104.80135997270652
NULL,model1,2012-04-11,buy,6.462590680529759,1660.7,2012-04-11,1643.5399665607924,-110.89827218180213
NULL,model1,2012-04-24,buy,6.86875019420936,1639.6,2012-04-24,1623.7311288006017,-108.99931213274971
NULL,model1,2012-04-27,sell,-6.69733059180579,1657.3,2012-04-27,1660.6693832847616,-22.56587374855311
NULL,model1,2012-05-18,buy,23.683612398382554,1574.5,2012-05-18,1637.3112089484564,1487.5963270090592
NULL,model1,2012-05-23,sell,-7.8333685999623714,1550.9734176537029,2012-05-23,1566.3585152670737,-8.214590765304058
NULL,model1,2012-05-24,buy,8.05278889779301,1573.428627142166,2012-05-24,1550.9734176537029,-175.8999329125047
NULL,model1,2012-05-25,sell,-0.21942029783063788,1557.6,2012-05-25,1573.4286271421659,-3.4731220817841697
NULL,model1,2012-05-31,buy,7.369586714507613,1564.1,2012-05-31,1541.805650936101,-164.3001386699041
NULL,model1,2012-06-07,sell,-6.808942332530359,1604.47374042004,2012-06-07,1575.501895559335,341.94131032140757
NULL,model1,2012-06-08,sell,-6.427354262192331,1556.4827589614658,2012-06-08,1604.47374042004,96.5081811563075
NULL,model1,2012-06-11,buy,6.427354262192331,1602.8,2012-06-11,1556.4827589614658,-297.6973166020118
NULL,model1,2012-06-27,buy,33.549045662000744,1572.6,2012-06-27,1597.0770818877747,821.1827379254892
NULL,model1,2012-06-29,buy,7.468092204441413,1551.8,2012-06-29,1550.6982673020707,-201.34338403924747
NULL,model1,2012-07-06,sell,-7.296255180027768,1580.6199735811133,2012-07-06,1552.3080639037696,320.1617436641797
NULL,model1,2012-07-09,buy,14.821344637658743,1582.4,2012-07-09,1593.0997385548717,158.58451265459672
NULL,model1,2012-07-13,buy,14.666354853951336,1571.2,2012-07-13,1560.369735880099,-158.84049674448696
NULL,model1,2012-07-24,buy,14.794977345454242,1575.9000000000003,2012-07-24,1563.6034434033172,-181.92727627501907
NULL,model1,2012-07-31,sell,-8.170904854227963,1625.6,2012-07-31,1601.508720647575,196.8475514052902
NULL,model1,2012-08-02,buy,8.830966071133961,1602.8,2012-08-02,1600.3497206978489,-21.638333382098185
NULL,model1,2012-08-15,buy,8.881737188885017,1601.2,2012-08-15,1599.3392999894718,-16.52624848086761
NULL,model1,2012-08-29,sell,-10.527526111604372,1668.7999999999997,2012-08-29,1639.2150924099096,170.39289081368088
NULL,model1,2012-08-30,buy,9.916812581251815,1658.7,2012-08-30,1668.8,100.15980707064243
NULL,model1,2012-08-31,buy,11.060053023432765,1676.2056434612311,2012-08-31,1650.1271827313528,-282.216013486399
NULL,model1,2012-09-13,sell,-0.23824814738570232,1733.1,2012-09-13,1676.2056434612311,10.679887878321548
NULL,model1,2012-09-14,buy,10.83250288099084,1769.4,2012-09-14,1721.2977969718982,-521.0672528839206
NULL,model1,2012-09-27,buy,8.853310230982222,1776.5725820779844,2012-09-27,1756.6235142764203,-201.57387539781018
NULL,model1,2012-09-28,sell,-7.634857457803513,1780.0,2012-09-28,1776.5725820779844,26.167847282910166
NULL,model1,2012-10-09,buy,18.05416510280631,1777.8,2012-10-09,1774.0483394509113,-67.73309896293206
NULL,model1,2012-10-25,buy,39.98689200628281,1702.8000000000002,2012-10-25,1748.583910747273,1795.2973967082771
NULL,model1,2012-11-01,sell,-8.869913391408097,1720.4,2012-11-01,1724.3318268808869,-34.87496390347593
NULL,model1,2012-11-08,buy,47.16629763734388,1717.9000000000003,2012-11-08,1699.6119665119231,-862.5788307003502
NULL,model1,2012-11-16,buy,9.970602267486669,1715.5000000000002,2012-11-16,1709.6605682565653,-58.22265138192381
NULL,model1,2012-11-20,sell,-9.842270704779859,1731.5,2012-11-20,1735.1294723331896,-35.72224921876097
NULL,model1,2012-11-26,sell,-10.94161874403791,1751.5000000000002,2012-11-26,1742.7005550985075,96.28017127129924
NULL,model1,2012-12-04,sell,-11.352903700136004,1702.3022801629952,2012-12-04,1731.8453048687193,454.81027740365914
NULL,model1,2012-12-06,buy,11.352903700136004,1695.7000000000003,2012-12-06,1702.3022801629952,74.95505089180226
NULL,model1,2012-12-24,buy,22.50163778478327,1658.0,2012-12-24,1698.7583445055884,917.1295047721618
NULL,model1,2013-01-02,sell,-11.109079023721872,1676.4,2013-01-02,1676.1017414091239,3.3133782555479736
NULL,model1,2013-01-04,buy,22.16616435846561,1663.8000000000002,2013-01-04,1668.5737027874559,105.81468058521361
NULL,model1,2013-01-11,sell,-10.033580548813363,1655.524073163909,2013-01-11,1666.938353017005,-124.99006507539649
NULL,model1,2013-01-14,buy,9.185433648198194,1659.5,2013-01-14,1655.524073163909,-36.5206121430049
NULL,model1,2013-01-18,sell,-10.407981417759071,1687.4000000000003,2013-01-18,1690.9122324454709,-36.5552500273103
NULL,model1,2013-01-30,buy,32.147474811032765,1664.1,2013-01-30,1669.9943039750942,189.48698856791486
NULL,model1,2013-02-01,buy,11.831623343972744,1681.0663924975293,2013-02-01,1663.279213434818,-23.74555361617561
NULL,model1,2013-02-04,sell,-11.831623343972744,1669.1000000000001,2013-02-04,1681.0663924975293,-141.58184881690846
NULL,model1,2013-02-26,buy,35.926253204305446,1592.7,2013-02-26,1653.511428891234,2184.726792062083
NULL,model1,2013-02-28,buy,11.215652150554815,1596.3,2013-02-28,1593.4046528059564,-32.47320698347741
NULL,model1,2013-03-13,sell,-10.638276051486743,1592.0000000000002,2013-03-13,1595.3885366801833,-36.04818861437817
NULL,model1,2013-03-19,sell,-12.312235166772686,1603.6999999999998,2013-03-19,1608.2937893530257,-56.5598148210679
NULL,model1,2013-03-26,buy,35.26070421471101,1604.5,2013-03-26,1592.964204629304,-406.7602684475425
NULL,model1,2013-04-08,buy,68.32876679939584,1580.8,2013-04-08,1587.0208054112811,425.05996225185027
NULL,model1,2013-04-16,buy,12.6486231248727,1380.4344689969946,2013-04-16,1567.1955270804085,2374.486582743445
NULL,model1,2013-04-17,sell,-12.625853484172456,1371.4,2013-04-17,1380.4344689969944,-114.06788186334842
NULL,model1,2013-04-19,buy,14.079540767321134,1393.0,2013-04-19,1346.9474313264861,-648.3990180785946
NULL,model1,2013-04-26,sell,-13.092648000935473,1467.3,2013-04-26,1433.8759229287255,437.6096758503352
NULL,model1,2013-05-06,sell,-6.8655840130716275,1470.0,2013-05-06,1484.805704153412,-101.64980573793417
NULL,model1,2013-05-21,buy,22.35948427292652,1392.4,2013-05-21,1436.432737070018,984.5492920109738
NULL,model1,2013-06-10,buy,7.794927356483481,1383.0,2013-06-10,1380.426285185701,-20.061920013765377
NULL,model1,2013-07-02,buy,38.28591914286437,1252.7,2013-07-02,1355.1806914573215,3923.5674668398397
NULL,model1,2013-07-08,buy,8.791683624853079,1221.1,2013-07-08,1220.2385126093009,-7.573924585826154
NULL,model1,2013-07-15,sell,-9.42427309128921,1283.9,2013-07-15,1280.5950287628366,31.146951497884782
NULL,model1,2013-07-25,sell,-19.8559625397919,1321.2,2013-07-25,1309.0422115872339,241.4045912906016
NULL,model1,2013-08-06,buy,39.814686906736796,1303.3,2013-08-06,1295.5830669649938,-307.247272669024
NULL,model1,2013-08-08,buy,11.030783980936146,1285.9,2013-08-08,1274.0384264474576,-130.8424555320816
NULL,model1,2013-08-16,sell,-11.629307597829612,1365.6,2013-08-16,1338.958569404263,309.82139124405336
NULL,model1,2013-08-29,sell,-11.320424143310245,1418.2,2013-08-29,1393.4623739547083,280.0404191313015
NULL,model1,2013-09-17,buy,47.07404567104462,1313.6,2013-09-17,1390.8908338244437,3638.392241404987
NULL,model1,2013-09-23,sell,-0.3698680740752174,1327.0,2013-09-23,1336.6767524974912,55.61431995159696
NULL,model1,2013-10-01,sell,-11.48179378012829,1296.3785350689316,2013-10-01,1350.506896952255,-459.9011132603884
NULL,model1,2013-10-03,buy,33.76392236622926,1316.5,2013-10-03,1310.4507344723495,-204.24693164829853
NULL,model1,2013-10-14,buy,44.120573753455815,1275.5,2013-10-14,1288.9234734299541,592.2513494938456
NULL,model1,2013-10-22,sell,-23.467252429658245,1315.5,2013-10-22,1307.9135717326005,178.0326271905582
NULL,model1,2013-11-01,buy,51.172671950445434,1323.1,2013-11-01,1323.012657038904,-4.469572695337339
NULL,model1,2013-11-13,buy,70.92413927357204,1265.3,2013-11-13,1293.8935060139775,2027.9698028550602
NULL,model1,2013-11-26,buy,49.70008498893489,1250.9,2013-11-26,1255.2973458026963,218.54846011973905
NULL,model1,2013-12-03,buy,17.37457861848577,1219.5,2013-12-03,1228.3951456057146,154.54940664936586
NULL,model1,2013-12-06,buy,16.902461464346523,1225.0,2013-12-06,1224.798962766681,-3.398024089074665
NULL,model1,2013-12-11,sell,-16.50540764050563,1261.0,2013-12-11,1251.965180063423,149.12338601176936
NULL,model1,2013-12-17,buy,15.49179456902894,1239.5,2013-12-17,1236.537098922547,-45.9006548202548
NULL,model1,2013-12-24,buy,31.644693241491936,1197.8,2013-12-24,1215.6785866311604,565.7623895345124
NULL,model1,2014-01-02,buy,15.648102119761544,1204.5,2014-01-02,1189.3351119488607,-562.2845419361811
NULL,model1,2014-01-07,sell,-0.002704754032500034,1237.0,2014-01-07,1205.915947310352,165.1831133321182
NULL,model1,2014-01-31,buy,16.05812834802233,1244.0,2014-01-31,1240.5279554665974,-55.754536747428176
NULL,model1,2014-02-20,sell,-18.171907498848864,1311.0,2014-02-20,1272.176167186709,705.5030986338953
NULL,model1,2014-02-27,buy,20.509763235711745,1329.5,2014-02-27,1323.687583542187,-119.21128537709926
NULL,model1,2014-03-03,buy,18.274342846917566,1332.4,2014-03-03,1321.8282321384913,-336.88731038938886
NULL,model1,2014-03-04,sell,-20.39601417049789,1331.3161038053638,2014-03-04,1333.3554565162106,-34.27592105156841
NULL,model1,2014-03-05,buy,62.88476854365497,1334.7999999999997,2014-03-05,1337.8787167432376,193.60438980997748
NULL,model1,2014-03-17,sell,-19.987318713119787,1383.1,2014-03-17,1357.0779036093052,520.1119341443399
NULL,model1,2014-03-27,buy,40.438845155064186,1305.5,2014-03-27,1356.7223840340075,2071.374056424462
NULL,model1,2014-04-01,buy,20.556953807088746,1284.6,2014-04-01,1283.3567397468498,-25.557643594195724
NULL,model1,2014-04-09,sell,-22.817355056535312,1308.5,2014-04-09,1302.6092557601487,134.41120286792736
NULL,model1,2014-04-11,sell,-23.584470121125793,1318.1,2014-04-11,1323.3804730780303,-124.53715953421604
NULL,model1,2014-04-21,buy,113.26508302280102,1294.9,2014-04-21,1309.3365694317529,1635.1592352519108
NULL,model1,2014-04-23,buy,24.004250452675254,1284.0,2014-04-23,1276.048721225678,-190.86448711786514
NULL,model1,2014-05-02,buy,23.674518314516423,1284.7,2014-05-02,1282.7991524854058,-45.00164929736486
NULL,model1,2014-05-08,buy,24.412108190129022,1289.8,2014-05-08,1291.877374316445,50.71308656445073
NULL,model1,2014-05-30,buy,48.29261485520958,1255.9,2014-05-30,1282.5637888838198,1287.6640871469249
NULL,model1,2014-06-03,buy,27.383739365279578,1244.1,2014-06-03,1241.1116972732018,-81.83090301519373
NULL,model1,2014-06-18,sell,-1.9332158992267132,1272.1,2014-06-18,1267.1924939837959,-202.3317577830443
NULL,model1,2014-06-24,sell,-32.25406905484478,1318.1,2014-06-24,1285.503892038477,1051.3571171101344
NULL,model1,2014-06-26,sell,-28.340358571266467,1307.0308979827776,2014-06-26,1305.8476686664164,-371.09581783824115
NULL,model1,2014-06-27,buy,28.340358571266467,1317.1,2014-06-27,1307.0308979827776,-285.3619616587439
NULL,model1,2014-07-04,buy,28.20134495188227,1321.4,2014-07-04,1315.3144052697223,-171.62195622592012
NULL,model1,2014-07-17,buy,116.66247346441091,1300.3,2014-07-17,1323.7306583574657,2386.221643296625
NULL,model1,2014-07-18,sell,-28.291643050961568,1319.1,2014-07-18,1300.3,531.8828893580762
NULL,model1,2014-07-25,buy,82.82975549564911,1294.2,2014-07-25,1299.0158373155275,398.8946273519627
NULL,model1,2014-08-01,buy,28.94300674886062,1284.2,2014-08-01,1286.930713258444,79.0350522683474
NULL,model1,2014-08-11,sell,-30.52769799904229,1310.4,2014-08-11,1300.7531964868601,294.4947043052368
NULL,model1,2014-08-22,buy,92.28219894799024,1278.2,2014-08-22,1300.29367218176,2038.8526517688524
NULL,model1,2014-09-12,buy,71.6168789401683,1240.9,2014-09-12,1274.9606263735593,2439.315755621494
NULL,model1,2014-09-18,sell,-34.85032986088049,1221.3934308378152,2014-09-18,1222.93106487945,-18.130332022407774
NULL,model1,2014-09-19,buy,34.85032986088049,1225.6,2014-09-19,1221.3934308378152,-146.60032288474372
NULL,model1,2014-09-23,buy,34.792425556867784,1214.9,2014-09-23,1212.0296143494,-99.86767906800742
NULL,model1,2014-09-26,buy,35.11566847376651,1222.1,2014-09-26,1207.3117593114723,-519.2989573285996
NULL,model1,2014-10-01,buy,33.740935991330694,1209.4,2014-10-01,1206.7341965041198,-89.94670511996127
NULL,model1,2014-10-06,buy,134.65610217984272,1192.0,2014-10-06,1201.9645524580608,1341.7877939690352
NULL,model1,2014-10-14,sell,-31.90230791882766,1237.3,2014-10-14,1222.4300522049002,474.38565329616415
NULL,model1,2014-10-22,sell,-33.034021082532604,1248.9,2014-10-22,1250.3107799100414,-46.603733291119596
NULL,model1,2014-11-07,buy,98.94241485821209,1141.2,2014-11-07,1235.7424795485574,9354.261233217396
NULL,model1,2014-11-11,buy,35.411571751187466,1151.5,2014-11-11,1152.27488627029,27.43994075938176
NULL,model1,2014-11-19,sell,-29.525733444798224,1175.83035119855,2014-11-19,1178.844748463302,556.1560173642208
NULL,model1,2014-11-20,buy,29.525733444798224,1183.1,2014-11-20,1175.83035119855,-214.64171274890592
NULL,model1,2014-12-01,sell,-30.451241220417327,1154.9491329649586,2014-12-01,1175.9638975415107,474.35634693465386
NULL,model1,2014-12-02,sell,-24.696897729320003,1193.3527663246043,2014-12-02,1154.9491329649586,-1755.5404586502482
NULL,model1,2014-12-03,buy,24.696897729320003,1197.6,2014-12-03,1193.3527663246043,-104.89349571376884
NULL,model1,2014-12-12,sell,-24.56576488981932,1227.9,2014-12-12,1215.286716984296,309.8549450525395
NULL,model1,2014-12-18,buy,25.94246714802327,1189.4,2014-12-18,1201.919163639003,324.7779914255616
NULL,model1,2014-12-23,buy,25.290912462052596,1176.1,2014-12-23,1171.6106448535395,-113.53988802019558
NULL,model1,2014-12-31,sell,-27.889222548098473,1199.8,2014-12-31,1204.0238405586701,-117.79962934843752
NULL,model1,2015-01-05,buy,52.79713929218742,1187.8,2015-01-05,1177.063754557213,-1082.8977428182995
NULL,model1,2015-01-08,sell,-26.968654044740607,1211.0,2015-01-08,1187.8,625.6727738379833
NULL,model1,2015-01-22,sell,-27.97748122620392,1293.7,2015-01-22,1230.3485167422284,1772.414933496478
NULL,model1,2015-02-03,buy,54.88526185383576,1275.6,2015-02-03,1269.7023118108877,-1178.2248595449114
NULL,model1,2015-02-11,buy,105.41941454348245,1234.1,2015-02-11,1243.7314870284372,1015.3457237210032
NULL,model1,2015-02-18,buy,55.53356318481888,1209.2999999999997,2015-02-18,1207.022231997998,-126.49257325953388
NULL,model1,2015-03-11,buy,188.0274538622678,1161.1,2015-03-11,1185.7429822113854,4633.5572007799765
NULL,model1,2015-03-25,sell,-36.58122146936336,1192.5,2015-03-25,1166.5819031792364,948.1156398647555
NULL,model1,2015-03-31,buy,72.55876574629926,1185.5,2015-03-31,1186.11412564682,44.56019894640379
NULL,model1,2015-04-07,sell,-37.019681276307296,1214.7,2015-04-07,1219.3323366947209,-171.48762800310809
NULL,model1,2015-04-09,buy,74.66824965506024,1202.6,2015-04-09,1200.3245954691924,-169.90047357258692
NULL,model1,2015-04-15,buy,38.25428576701932,1192.2,2015-04-15,1186.8615428899957,-204.2188638410827
NULL,model1,2015-04-23,buy,123.0100825871742,1186.9,2015-04-23,1186.5927640073417,-37.793124830666414
NULL,model1,2015-04-27,buy,83.17254596109095,1179.3,2015-04-27,1178.0320062552817,-105.46226801095834
NULL,model1,2015-05-05,buy,41.739505767700884,1187.5,2015-05-05,1195.1197482524294,437.0561242345698
NULL,model1,2015-05-18,sell,-39.23511014222143,1222.8,2015-05-18,1199.5273673709999,913.1043044982752
NULL,model1,2015-05-22,buy,119.21244881759681,1206.0,2015-05-22,1210.3278219461615,515.9302522484525
NULL,model1,2015-05-27,buy,42.92617693075185,1186.7,2015-05-27,1187.8768793038723,50.51892922416171
NULL,model1,2015-06-08,buy,41.93698786921312,1170.8,2015-06-08,1177.8382275630331,295.16206393168306
NULL,model1,2015-06-19,sell,-47.888325553784995,1201.8,2015-06-19,1191.3669808812056,499.61981606968885
NULL,model1,2015-06-25,buy,91.64184463710947,1174.1,2015-06-25,1186.7078490772035,1155.4065463412146
NULL,model1,2015-06-30,sell,-47.95268564977736,1179.8,2015-06-30,1186.451619850178,-318.9630357374106
NULL,model1,2015-07-03,buy,152.9299007251538,1173.2,2015-07-03,1161.682027154712,-1761.4424437849284
NULL,model1,2015-07-08,buy,52.53829936139119,1154.0,2015-07-08,1159.7209049287467,300.5666157645512
NULL,model1,2015-07-23,buy,247.85046203336753,1093.4,2015-07-23,1144.605737719381,12691.36575250801
NULL,model1,2015-07-27,buy,51.91230071006314,1098.6,2015-07-27,1078.1507355147007,-1061.5683672604657
NULL,model1,2015-08-03,buy,48.083571707379804,1095.1,2015-08-03,1079.3580321529819,-756.9300397873587
NULL,model1,2015-08-13,sell,-52.06842703775783,1125.2,2015-08-13,1105.5617474930107,1022.532917809241
NULL,model1,2015-08-25,sell,-47.80888722192533,1136.3043958860483,2015-08-25,1129.5903751262913,640.229828997159
NULL,model1,2015-08-28,buy,143.37585086137534,1124.4,2015-08-28,1144.8611746434121,2933.6383241224007
NULL,model1,2015-09-09,sell,-52.4273053975366,1104.7863695139442,2015-09-09,1120.324029886822,-99.59248300964711
NULL,model1,2015-09-10,buy,52.4273053975366,1105.7,2015-09-10,1104.7863695139442,-47.89918451294767
NULL,model1,2015-09-23,sell,-1.4308678694768133,1123.8,2015-09-23,1118.9134643505338,112.0261389008532
NULL,model1,2015-10-01,buy,52.97892728139402,1114.5,2015-10-01,1137.742813133995,1231.3793068409518
NULL,model1,2015-10-15,sell,-51.17702427664551,1184.0,2015-10-15,1130.3222682671167,2747.0665800090355
NULL,model1,2015-10-20,buy,103.82750506986571,1170.6,2015-10-20,1170.6361216228167,3.7504179761468115
NULL,model1,2015-11-09,buy,107.03079674898049,1089.1,2015-11-09,1158.262723886058,7402.54144285454
NULL,model1,2015-11-18,buy,56.02086014375066,1070.2,2015-11-18,1071.2559942351547,59.157705360207565
NULL,model1,2015-11-30,buy,61.11789730860343,1056.0,2015-11-30,1062.0942612970773,372.4684361265674
NULL,model1,2015-12-03,buy,62.37796399911117,1053.5,2015-12-03,1049.7701627364754,-232.65965454668
NULL,model1,2015-12-08,buy,61.26124709053714,1069.7,2015-12-08,1068.3261106166312,-84.16617698962209
NULL,model1,2015-12-15,buy,173.88269065930865,1059.8,2015-12-15,1059.3134021902038,-84.61093643628875
NULL,model1,2015-12-18,buy,117.8256659335456,1051.5,2015-12-18,1060.4759232074,1057.5941292802715
NULL,model1,2015-12-31,buy,112.51973515148265,1060.6,2015-12-31,1063.242639859477,297.3491370891242
NULL,model1,2016-01-11,sell,-66.60098682723057,1103.6,2016-01-11,1074.5036423189392,1937.8461346367114
NULL,model1,2016-01-15,buy,127.79836063454843,1079.2,2016-01-15,1074.8820206637818,-2527.75298358193
NULL,model1,2016-01-25,sell,-59.1396563655149,1097.8,2016-01-25,1105.543752327793,-457.9628516453411
NULL,model1,2016-02-10,sell,-59.95596488910258,1182.4713105451306,2016-02-10,1121.1980687795217,3725.7826961964356
NULL,model1,2016-02-11,buy,55.15295562091594,1212.6939765823909,2016-02-11,1182.4713105451306,-894.603881160637
NULL,model1,2016-02-17,sell,-55.15295562091594,1201.9,2016-02-17,1212.6939765823909,-595.319711421804
NULL,model1,2016-02-23,buy,42.78797391874567,1208.9,2016-02-23,1207.5754495074661,-56.674831928604156
NULL,model1,2016-02-29,buy,41.69449167519354,1223.1,2016-02-29,1215.375604263399,-322.06475373560477
NULL,model1,2016-03-03,sell,-41.16302017925137,1240.8,2016-03-03,1244.4431841958135,-149.96446456900267
NULL,model1,2016-03-16,buy,76.15462326650653,1233.1,2016-03-16,1241.1109060218455,-2659.8788756147524
NULL,model1,2016-03-24,buy,74.00805298930337,1220.7,2016-03-24,1230.9753010915874,760.4550276672455
NULL,model1,2016-04-12,sell,-41.589286967032436,1259.8,2016-04-12,1247.0265474118114,531.2387852499567
NULL,model1,2016-04-18,buy,81.213406059811,1236.3,2016-04-18,1237.0853036352091,63.777183006488414
NULL,model1,2016-04-20,sell,-43.915163232653995,1251.3,2016-04-20,1248.4964011165268,123.1205026066083
NULL,model1,2016-04-25,buy,95.35841590279091,1234.5,2016-04-25,1233.9741080650588,-50.14822185204909
NULL,model1,2016-05-03,sell,-46.41719324703295,1293.4,2016-05-03,1251.047083815896,1965.9034950929474
NULL,model1,2016-05-05,buy,47.21172415590018,1281.2,2016-05-05,1274.758013218036,-304.137302966041
NULL,model1,2016-05-10,buy,47.80002110099212,1265.4,2016-05-10,1273.2367562951433,374.5971162711793
NULL,model1,2016-05-27,buy,96.56259416520066,1222.3,2016-05-27,1256.3385751627113,3286.853119398577
NULL,model1,2016-06-14,sell,-54.34457057870538,1286.2000000000003,2016-06-14,1231.4774624844174,2973.872802261434
NULL,model1,2016-06-20,buy,112.42512602293309,1293.0,2016-06-20,1279.8656288351117,-1476.6333334445465
NULL,model1,2016-06-24,buy,54.15630821909257,1254.3,2016-06-24,1272.8804479062976,-502.18571128610705
NULL,model1,2016-07-07,sell,-53.36339093151399,1365.7,2016-07-07,1254.3,5944.681749770663
NULL,model1,2016-07-12,sell,-45.13268579579478,1332.4657261123587,2016-07-12,1343.7089451307747,-589.9776460156836
NULL,model1,2016-07-13,buy,45.13268579579478,1334.0,2016-07-13,1332.4657261123587,-69.24590129560949
NULL,model1,2016-07-21,buy,90.02617452744096,1316.2,2016-07-21,1319.4203799020304,289.91848310484704
NULL,model1,2016-08-02,sell,-50.10451694500032,1360.5999999999997,2016-08-02,1341.2862971907398,967.703749677274
NULL,model1,2016-08-08,buy,157.65355968903748,1341.2,2016-08-08,1349.8947293665206,1370.7550351647676
NULL,model1,2016-08-29,buy,115.39683792208362,1323.8000000000002,2016-08-29,1337.9195058775051,1629.3463312863703
NULL,model1,2016-09-01,buy,66.01737436748087,1311.7,2016-09-01,1310.0007647586297,-112.17904906796565
NULL,model1,2016-09-09,sell,-67.80159822377969,1341.6,2016-09-09,1328.085004152701,916.3383184346114
NULL,model1,2016-09-15,buy,67.40648317235637,1325.8,2016-09-15,1320.9404917194495,-437.1780093098017
NULL,model1,2016-09-19,buy,138.53385179405444,1313.2,2016-09-19,1309.681778463908,-487.39278085963934
NULL,model1,2016-09-26,sell,-70.84527582883646,1340.8,2016-09-26,1333.7511812113733,499.3755113477438
NULL,model1,2016-10-07,buy,216.54284587767756,1256.8,2016-10-07,1328.5686997559887,15540.998490102396
NULL,model1,2016-11-16,sell,-17.658897497053673,1228.0,2016-11-16,1280.2164569272168,-62.86341161337555
NULL,model1,2016-11-29,buy,118.40393910520191,1196.6,2016-11-29,1198.8490438018398,266.29564535798204
NULL,model1,2016-12-02,buy,62.04756039811494,1174.3,2016-12-02,1169.8584623279562,-275.58657696663744
NULL,model1,2016-12-20,buy,200.2578258957775,1139.8,2016-12-20,1152.4856223677766,2540.395155505799
NULL,model1,2017-01-16,sell,-79.89268452375813,1199.4,2017-01-16,1150.0614819077925,3941.786660810471
NULL,model1,2017-01-20,buy,84.57909414465662,1204.8,2017-01-20,1196.9148053697074,-666.9226189844517
NULL,model1,2017-01-27,buy,151.24806088009854,1188.5,2017-01-27,1198.012758088922,1438.7862145709328
NULL,model1,2017-02-07,sell,-85.96591581017637,1236.9,2017-02-07,1211.846844305421,2153.717473219429
NULL,model1,2017-02-13,buy,167.19674295687526,1234.2,2017-02-13,1223.1119920498559,-1853.878815144045
NULL,model1,2017-02-16,buy,84.83480082591876,1234.3,2017-02-16,1219.8400280061596,-1226.7088440458076
NULL,model1,2017-02-24,sell,-84.9230020599856,1250.6,2017-02-24,1249.0442997341354,132.11473688273244
NULL,model1,2017-03-10,buy,276.1460837291113,1200.2,2017-03-10,1242.4213416295916,11659.258140800588
NULL,model1,2017-03-24,sell,-91.44542044129138,1245.0,2017-03-24,1216.2103745643055,2632.6794023143766
NULL,model1,2017-04-03,buy,209.54438479077956,1251.9,2017-04-03,1241.564945823358,-2165.6525692238642
NULL,model1,2017-04-17,sell,-115.90499058350517,1292.4,2017-04-17,1261.2311496358884,3612.6253079510457
NULL,model1,2017-04-24,sell,-110.60221797010053,1275.6021750393118,2017-04-24,1280.5377401622343,118.32595792331595
NULL,model1,2017-05-09,buy,110.60221797010053,1229.7,2017-05-09,1275.6021750393118,5076.882368999662
NULL,model1,2017-05-22,sell,-115.56369689776645,1260.0,2017-05-22,1235.9309111510763,2781.512888342427
NULL,model1,2017-05-25,buy,231.03213427426275,1261.6,2017-05-25,1251.1634298728845,-2411.1830709704786
NULL,model1,2017-06-05,sell,-1.070239197715324,1286.0,2017-06-05,1278.622392968826,-1525.8755918365296
NULL,model1,2017-06-07,sell,-120.62503829063083,1288.1931373964662,2017-06-07,1297.0369530786545,-4.332944903338119
NULL,model1,2017-06-08,sell,-117.70463703518172,1280.0650561538616,2017-06-08,1288.1931373964662,-157.64035159185485
NULL,model1,2017-06-20,buy,117.70463703518172,1245.4,2017-06-20,1280.0650561538616,4080.2378523944653
NULL,model1,2017-07-06,buy,113.82250259363678,1228.0,2017-07-06,1242.4328221017754,1642.7799311128288
NULL,model1,2017-07-10,buy,123.77811571184426,1212.6,2017-07-10,1211.968835904617,-78.1243024314696
NULL,model1,2017-08-01,sell,-128.87581943270808,1272.4,2017-08-01,1228.869025346945,5610.090029116932
NULL,model1,2017-08-04,sell,-139.6633760312553,1259.3306741100655,2017-08-04,1263.8787753343347,-2171.9997906311214
NULL,model1,2017-08-07,buy,139.6633760312553,1261.4,2017-08-07,1259.3306741100655,-289.0090398971465
NULL,model1,2017-09-06,sell,-121.92651262019744,1345.0,2017-09-06,1304.4379851919853,4945.585010390045
NULL,model1,2017-09-26,buy,110.69249511338452,1309.6,2017-09-26,1335.9569350847762,2917.514908075393
NULL,model1,2017-10-02,buy,214.47011935627827,1278.0,2017-10-02,1286.43152402788,1808.309964614743
NULL,model1,2017-10-06,buy,112.02300617177211,1269.3,2017-10-06,1267.300657192894,-223.97239161991288
NULL,model1,2017-10-12,sell,-122.00069927494938,1292.8,2017-10-12,1287.3041894539456,670.4927297012748
NULL,model1,2017-10-20,buy,250.8749481594707,1290.0,2017-10-20,1289.094378820415,-227.1976664805228
NULL,model1,2017-10-25,buy,129.61529071495715,1275.9,2017-10-25,1274.6592970470308,-160.81407394001985
NULL,model1,2017-10-30,buy,135.04421390392983,1274.3,2017-10-30,1263.4458730365623,-1465.7870433908922
NULL,model1,2017-11-13,buy,138.5228754633455,1275.3,2017-11-13,1275.0159559261397,-39.346601869449785
NULL,model1,2017-11-21,buy,137.45690177628617,1276.6,2017-11-21,1283.9708490528292,1013.1740742625851
NULL,model1,2017-11-23,sell,-131.80352339569765,1291.9,2017-11-23,1288.4454240014475,455.32528844744684
NULL,model1,2017-12-12,buy,411.24151164643445,1241.9,2017-12-12,1282.250545726508,16593.81942032773
NULL,model1,2018-01-10,buy,151.97350534860226,1313.3,2018-01-10,1309.8757423994268,-520.3964307756922
NULL,model1,2018-01-19,buy,165.28991229361034,1327.0,2018-01-19,1327.4,66.11596491745917
NULL,model1,2018-02-01,buy,134.84969317303248,1351.2658451494835,2018-02-01,1337.667429504051,-1787.147585316832
NULL,model1,2018-02-02,sell,-129.42313874324554,1330.484135622272,2018-02-02,1351.2658451494835,-10.162385722149935
NULL,model1,2018-02-07,sell,-120.46221409678905,1311.264885554713,2018-02-07,1330.484135622272,735.658673276753
NULL,model1,2018-02-08,buy,120.46221409678905,1318.1,2018-02-08,1311.264885554713,-823.373019684217
NULL,model1,2018-02-19,sell,-119.27340108164981,1337.7129348338442,2018-02-19,1329.2098690880282,1228.0131156749503
NULL,model1,2018-02-22,buy,236.9531493083511,1324.4,2018-02-22,1343.9144758943153,4624.016520259884
NULL,model1,2018-02-28,buy,126.41537836974025,1318.9,2018-02-28,1314.981887751438,-495.3096423970804
NULL,model1,2018-03-02,buy,115.28725722635878,1318.0,2018-03-02,1313.714292212083,-494.08749614260665
NULL,model1,2018-03-07,sell,-123.6703099724446,1339.5,2018-03-07,1335.4781204466617,497.38709103318394
NULL,model1,2018-03-12,buy,242.4008252934596,1324.1,2018-03-12,1319.5360405554884,-1900.9193143797493
NULL,model1,2018-03-19,buy,246.33992778352172,1312.9,2018-03-19,1311.5139782903009,-341.43248787369606
NULL,model1,2018-03-28,sell,-125.50017118838491,1326.6210895848233,2018-03-28,1326.2554523681554,2800.8367601419736
NULL,model1,2018-04-02,buy,125.50017118838491,1326.6,2018-04-02,1326.6210895848233,2.64674650562335
NULL,model1,2018-04-06,buy,126.59472128472896,1327.9,2018-04-06,1328.5753272440568,85.49286423734065
NULL,model1,2018-04-12,sell,-123.35857701457931,1341.1425998928844,2018-04-12,1352.3275172839922,-1368.1700021469242
NULL,model1,2018-04-13,buy,248.30041301536724,1335.2999999999997,2018-04-13,1347.1091036195103,2932.2053060656817
NULL,model1,2018-04-26,buy,378.1879719550208,1320.7,2018-04-26,1333.078095429018,4681.246806966032
NULL,model1,2018-05-02,buy,283.4458734570695,1304.4,2018-05-02,1309.2688149131425,1380.04549575645
NULL,model1,2018-05-18,buy,918.2942689072524,1290.0,2018-05-18,1308.1614379078053,16677.544345852522
NULL,model1,2018-06-04,buy,163.4072506864551,1294.9,2018-06-04,1291.1191397445562,-617.8199795717826
NULL,model1,2018-07-02,sell,-251.73873771578673,1243.9434968629944,2018-07-02,1295.1992343760755,49568.370048612596
NULL,model1,2018-07-03,buy,251.73873771578673,1242.9,2018-07-03,1243.9434968629944,262.6885831005655
NULL,model1,2018-07-19,sell,-250.2656672880993,1216.6065571513684,2018-07-19,1248.7055717785784,15762.710458935355
NULL,model1,2018-07-20,buy,250.2656672880993,1222.9,2018-07-20,1216.6065571513684,-1575.032674052325
NULL,model1,2018-07-25,buy,237.5881640308245,1224.2,2018-07-25,1219.2632316405563,-1172.917730765695
NULL,model1,2018-07-31,buy,229.1279827887024,1223.5,2018-07-31,1219.578833788011,-898.4489043322513
NULL,model1,2018-08-03,buy,240.322447867612,1209.3,2018-08-03,1214.7793151764731,1316.8024358481873
NULL,model1,2018-08-16,sell,-255.27208319100274,1165.8324991757602,2018-08-16,1202.3004986565147,38440.80117453329
NULL,model1,2018-08-17,buy,255.27208319100274,1173.7,2018-08-17,1165.8324991757602,-2008.3533249106424
NULL,model1,2018-08-24,sell,-244.42575519302562,1185.3,2018-08-24,1190.2765695882476,-1679.8549323507898
NULL,model1,2018-08-27,buy,243.21400163252596,1206.3,2018-08-27,1185.3,-5107.494034283045
NULL,model1,2018-09-04,buy,487.59519381171015,1201.1,2018-09-04,1196.3446185190485,-2318.7011548531286
NULL,model1,2018-09-07,sell,-238.28540948255005,1200.3,2018-09-07,1207.0261199730874,-1602.7362520158913
NULL,model1,2018-09-17,buy,499.6864225835338,1194.7,2018-09-17,1193.1880355490964,-755.5081075455136
NULL,model1,2018-09-26,buy,247.70235590229407,1200.3,2018-09-26,1194.2881688542518,-1489.1447380886038
NULL,model1,2018-09-28,buy,268.3188627766112,1184.6,2018-09-28,1188.3561846160612,1007.8551845605749
NULL,model1,2018-10-09,buy,519.6451544194523,1189.6,2018-10-09,1191.7598551574088,1122.3582667953754
NULL,model1,2018-10-16,sell,-255.3860639123157,1228.0,2018-10-16,1197.8731806284895,7693.969817487362
NULL,model1,2018-11-01,buy,499.9816307711252,1216.6,2018-11-01,1220.6455907502936,2022.7210607644445
NULL,model1,2018-11-14,buy,531.8372012713421,1202.8,2018-11-14,1223.5833990239928,11053.384769825896
NULL,model1,2018-11-19,sell,-260.76987476881686,1222.6,2018-11-19,1222.644686471646,-11.65288561503288
NULL,model1,2018-11-21,sell,-264.7567569263549,1222.4,2018-11-21,1227.3557802951,-1312.0763189701795
NULL,model1,2018-11-28,buy,812.1761885287674,1214.3,2018-11-28,1215.9265275225928,1321.026923836578
NULL,model1,2019-03-06,buy,263.85935552845933,1288.8,2019-03-06,1331.7022993732169,11320.173063306042
NULL,model1,2019-03-15,buy,258.3039766775399,1295.6,2019-03-15,1296.1555284928268,143.49521885485606
NULL,model1,2019-04-02,buy,530.0112960564234,1288.7,2019-04-02,1306.0130085597716,9176.090105400477
NULL,model1,2019-04-22,buy,852.3727321444065,1275.3,2019-04-22,1298.075664367788,19413.355263575522
NULL,model1,2019-05-02,sell,-349.40960961418017,1273.782920160967,2019-05-02,1274.5226470984862,-1313.2403360126061
NULL,model1,2019-05-03,buy,349.40960961418017,1271.6,2019-05-03,1273.782920160967,762.7332812624428
NULL,model1,2019-05-21,buy,674.6578318664939,1277.7,2019-05-21,1288.9306304978575,7576.832822178209
NULL,model1,2019-06-11,buy,341.44466036743574,1328.9,2019-06-11,1332.3326522637633,1172.060786360136
NULL,model1,2019-06-25,sell,-233.55012515466098,1419.9,2019-06-25,1410.1726280792236,2271.828929523281
NULL,model1,2019-06-27,buy,505.41255517281013,1412.7,2019-06-27,1400.9049454223739,-5961.3686724807885
NULL,model1,2019-07-02,buy,188.41061901455436,1386.2,2019-07-02,1393.9403183420786,1458.3581702007345
NULL,model1,2019-07-05,buy,186.07877430274948,1421.6,2019-07-05,1400.8783088183482,-3961.7482092775713
NULL,model1,2019-07-08,sell,-168.6312172569163,1401.0,2019-07-08,1421.6,-3473.8030754924603
NULL,model1,2019-08-01,buy,176.96481238448558,1449.7656731449304,2019-08-01,1409.6086074501623,-10859.389277941948
NULL,model1,2019-08-12,sell,-224.25195932112786,1499.1,2019-08-12,1449.6921242188084,11079.81294982709
NULL,model1,2019-08-14,buy,158.22143520655297,1502.8,2019-08-14,1484.5793656621915,-2882.8949153018466
NULL,model1,2019-08-20,buy,139.76477135860088,1497.6,2019-08-20,1495.7413918209713,-259.76794718715485
NULL,model1,2019-08-28,sell,-154.97111615866035,1540.9,2019-08-28,1522.1100048377496,2911.9065229097937
NULL,model1,2019-09-04,buy,298.4098224309008,1549.8,2019-09-04,1525.9999999999998,-7102.1537738554935
NULL,model1,2019-09-10,buy,290.7127247092077,1500.2,2019-09-10,1529.3277362049705,8467.803556758
NULL,model1,2019-10-02,buy,303.9518261654565,1482.9,2019-10-02,1508.4882855570154,7777.606123497975
NULL,model1,2019-10-14,buy,156.32321670082706,1488.0,2019-10-14,1486.1660291526791,-286.69222218873983
NULL,model1,2019-10-28,sell,-154.14674236780493,1503.6,2019-10-28,1504.0172586439407,-64.3190606882884
NULL,model1,2019-10-30,buy,205.0720011821899,1490.5,2019-10-30,1483.4528122767936,-1445.180889104504
NULL,model1,2019-11-04,sell,-204.45138660033163,1516.4,2019-11-04,1505.7200483172994,2183.5309303526983
NULL,model1,2019-11-12,buy,807.9477961400286,1455.9000000000003,2019-11-12,1494.33975299551,31057.31371688931
NULL,model1,2019-11-26,buy,219.32592807838572,1455.1,2019-11-26,1455.8198440513193,157.88046462731975
NULL,model1,2019-11-29,sell,-272.9642031776988,1457.810754471506,2019-11-29,1472.7807259537628,-4237.309621575564
NULL,model1,2019-12-02,buy,534.5504836611451,1467.3,2019-12-02,1458.5395279184165,-4682.914588310381
NULL,model1,2019-12-04,sell,-264.8613831019008,1480.4,2019-12-04,1481.354299419316,-252.75706409335805
NULL,model1,2019-12-09,buy,259.96013399050906,1461.1,2019-12-09,1466.3057316231407,1353.2826902703032
NULL,model1,2020-01-13,buy,266.1925074129573,1563.0,2020-01-13,1559.3385905160496,-974.6397711983296
NULL,model1,2020-01-15,buy,212.96470629692783,1546.8,2020-01-15,1541.3916055382033,-1151.7971380944568
NULL,model1,2020-01-28,sell,-227.71016664842332,1580.6000000000001,2020-01-28,1574.1124424750408,1477.282805149676
NULL,model1,2020-02-06,buy,669.8225576065494,1556.8,2020-02-06,1566.3822621885552,6418.415366794578
NULL,model1,2020-02-19,sell,-16.83713136454722,1601.8,2020-02-19,1584.5136412585762,-427.1222770485386
NULL,model1,2020-02-27,sell,-233.70356800619186,1643.0,2020-02-27,1618.2848933121068,5776.008616614345
NULL,model1,2020-03-04,buy,365.21747282649255,1640.1,2020-03-04,1620.078302347961,-7312.2738181737805
NULL,model1,2020-03-06,sell,-129.15806288957774,1673.1,2020-03-06,1674.0364590770969,-120.95124037320636
NULL,model1,2020-03-18,buy,373.770207841354,1527.6,2020-03-18,1643.426897429063,43292.64352568012
NULL,model1,2020-03-27,sell,-257.9366394205442,1640.4,2020-03-27,1530.2188681319997,28419.75088158386
NULL,model1,2020-04-01,buy,76.38689858558847,1581.7,2020-04-01,1588.7798080339014,540.8045782910586
NULL,model1,2020-04-09,sell,-170.63362726249835,1669.2,2020-04-09,1689.8429104909624,-3522.3746943279816
NULL,model1,2020-04-20,buy,166.16377940100608,1684.9999999999998,2020-04-20,1702.1766232276223,2854.132632848822
NULL,model1,2020-04-24,sell,-168.71698985700405,1733.7,2020-04-24,1734.1380281580634,-73.90279230106299
NULL,model1,2020-05-04,buy,189.0973771067268,1711.1999999999998,2020-05-04,1683.3357201575827,-5269.062233168954
NULL,model1,2020-05-18,sell,-127.2865025071569,1757.5,2020-05-18,1753.2108448183649,545.9515617807842
NULL,model1,2020-05-22,buy,132.0758434281751,1726.0,2020-05-22,1720.7942205392671,-687.5577129773625
NULL,model1,2020-05-26,buy,246.35585976678885,1730.2,2020-05-26,1706.551520360725,-5825.941533711028
NULL,model1,2020-06-08,buy,289.1922031177179,1682.0,2020-06-08,1703.6889384961069,6272.271906973825
NULL,model1,2020-06-12,sell,-144.56356647943414,1729.7,2020-06-12,1747.9325903660588,-2635.768289476022
NULL,model1,2020-06-16,buy,284.86645422951426,1729.0,2020-06-16,1701.8139442696245,-7744.395300398044
NULL,model1,2020-06-25,sell,-151.53290761657692,1760.7000000000003,2020-06-25,1756.25593166328,673.4225967099412
NULL,model1,2020-07-02,buy,304.65020935173413,1779.0,2020-07-02,1770.2751836094274,-2658.0171399433966
NULL,model1,2020-07-15,buy,164.04454015475278,1811.1,2020-07-15,1792.7893731058343,-3003.7583687986416
NULL,model1,2020-08-10,sell,-178.1264603771332,2032.0,2020-08-10,1825.7376173783953,36740.78812534037
NULL,model1,2020-08-14,buy,272.38106580376063,1952.1,2020-08-14,1991.4199035362055,10709.997232492746
NULL,model1,2020-08-24,buy,109.02978565052481,1937.2,2020-08-24,1955.8346877457939,2031.7360105883624
NULL,model1,2020-09-04,buy,107.36582366394653,1931.9000000000003,2020-09-04,1923.941333360195,-854.4887990494576
NULL,model1,2020-09-24,buy,540.2339463790147,1859.4,2020-09-24,1920.1750089062205,32832.722902627196
NULL,model1,2020-10-07,buy,140.94821598470864,1879.8999999999999,2020-10-07,1878.1885534985804,-241.22533112837596
NULL,model1,2020-10-12,sell,-149.94810853995617,1930.9,2020-10-12,1922.475630558284,1263.2182634271478
NULL,model1,2020-10-14,buy,312.7632781703512,1891.3,2020-10-14,1890.2224607531207,-337.0147072111715
NULL,model1,2020-10-23,buy,163.6836811947844,1904.3000000000002,2020-10-23,1892.955236060353,-1856.9527239272675
NULL,model1,2020-10-29,buy,369.0737197582179,1877.5,2020-10-29,1880.2627821921815,1019.670300550181
NULL,model1,2020-11-04,sell,-193.3069680296735,1882.7343119199868,2020-11-04,1907.560996074298,-4826.130233240862
NULL,model1,2020-11-05,buy,192.4625449258485,1903.4000000000003,2020-11-05,1882.734311919987,-7150.156514016922
NULL,model1,2020-11-10,sell,-195.28680467071624,1864.1,2020-11-10,1903.6384109713706,-7721.3299403565725
NULL,model1,2020-11-27,buy,605.6584176182084,1809.8999999999999,2020-11-27,1849.4152620465914,23932.75108290731
NULL,model1,2020-12-07,sell,-163.9613936218975,1838.4,2020-12-07,1810.8755538488851,4512.946549607679
NULL,model1,2020-12-10,buy,344.88119188831126,1840.3000000000002,2020-12-10,1840.5315798715626,79.86754212186679
NULL,model1,2020-12-18,sell,-178.01858579738672,1887.0999999999997,2020-12-18,1860.3375404580484,4764.215200117994
NULL,model1,2020-12-22,buy,183.1495324077095,1883.7,2020-12-22,1857.9500678617683,-4716.0880306474
NULL,model1,2021-01-06,sell,-179.41388117004934,1924.062558513463,2021-01-06,1908.2,2795.0557866852914
NULL,model1,2021-01-13,buy,154.3325780705037,1855.0,2021-01-13,1924.0625585134633,10658.6027035278
NULL,model1,2021-01-19,sell,-166.8642413375287,1806.998218142897,2021-01-19,1821.7804645557767,-1184.337614180903
NULL,model1,2021-01-20,buy,166.8642413375287,1839.9,2021-01-20,1806.998218142897,-5490.130868238369
NULL,model1,2021-01-28,buy,161.9431726712699,1844.9000000000003,2021-01-28,1832.51263113269,-2006.0498154214945
NULL,model1,2021-02-05,buy,714.3446761778571,1793.6999999999998,2021-02-05,1831.4895453828499,26994.7605594203
NULL,model1,2021-02-18,buy,578.237106662926,1776.2,2021-02-18,1806.2319134248369,17365.566726329133
NULL,model1,2021-02-23,sell,-186.59423706830088,1809.3999999999999,2021-02-23,1802.6391627506619,1261.5332684832183
NULL,model1,2021-03-04,buy,813.3773145128517,1708.4,2021-03-04,1774.6724533127604,53904.51010171129
NULL,model1,2021-03-09,buy,194.48863695567522,1679.2999999999997,2021-03-09,1682.7927440211365,679.2990239059335
NULL,model1,2021-03-19,sell,-199.78772398289595,1733.6999999999998,2021-03-19,1752.267055568662,-3709.469773126935
NULL,model1,2021-03-30,sell,-242.97386241349926,1685.9003389960844,2021-03-30,1707.7333855306574,-5531.173001936983
NULL,model1,2021-04-01,buy,242.97386241349926,1707.9,2021-04-01,1685.9003389960844,-5345.342605909029
NULL,model1,2021-04-07,sell,-228.17301439458305,1743.0,2021-04-07,1742.1196056615395,200.88223006246145
NULL,model1,2021-04-09,sell,-255.60379507434334,1732.2648389716896,2021-04-09,1754.803919542858,-5417.410192817899
NULL,model1,2021-04-12,buy,501.40077894670173,1742.4,2021-04-12,1742.826841270646,214.01854558840873
NULL,model1,2021-04-20,sell,-252.09576122201338,1769.5,2021-04-20,1756.5255066691452,3270.8147727117725
NULL,model1,2021-04-29,buy,256.99389432381014,1781.9,2021-04-29,1768.0930086767378,-3548.3124690602376
NULL,model1,2021-05-04,sell,-290.5079403035836,1770.0813278973576,2021-05-04,1790.3887669524536,-5627.9090879220985
NULL,model1,2021-05-05,buy,13.372597306711668,1778.4,2021-05-05,1770.0813278973576,-111.24225215521452
NULL,model1,2021-05-20,sell,-269.0933789340673,1869.9,2021-05-20,1799.1547452604011,19037.079641430028
NULL,model1,2021-06-04,buy,257.2856427227881,1872.1,2021-06-04,1883.6226064142804,2964.601197139884
NULL,model1,2021-06-22,buy,789.4776433831795,1785.3000000000002,2021-06-22,1872.264902071675,68656.84594459491
NULL,model1,2021-06-30,buy,228.71756661452315,1761.9,2021-06-30,1751.1917913596674,-2449.1554230175097
NULL,model1,2021-07-20,buy,263.2412665576217,1813.5,2021-07-20,1801.995597133869,-3028.4335814694396
NULL,model1,2021-08-11,buy,319.00341772373946,1746.0012576744984,2021-08-11,1808.6424397992514,18789.523328353698
NULL,model1,2021-08-16,sell,-338.4925712528561,1777.7,2021-08-16,1745.9999345605736,10730.23665947526
NULL,model1,2021-08-26,sell,-289.6016245682419,1790.0,2021-08-26,1806.0745624676913,-4655.219404867086
NULL,model1,2021-09-01,sell,-317.9020665572083,1814.9999999999998,2021-09-01,1811.4067528081985,1142.3007079245942
NULL,model1,2021-09-07,buy,948.1367908461841,1831.5,2021-09-07,1808.253748604713,-22040.626197130943
NULL,model1,2021-09-21,buy,2234.400684410828,1763.4,2021-09-21,1780.754735029205,38777.431827024004
NULL,model1,2021-09-28,buy,628.4085109689565,1748.1,2021-09-28,1752.7423717399802,2917.3059124853607
NULL,model1,2021-09-30,buy,315.6028338158672,1725.9,2021-09-30,1726.1505726943312,79.08145240778492
NULL,model1,2021-10-15,sell,-315.4140186650671,1773.3589121701123,2021-10-15,1779.4971624655661,-1896.9594193102225
NULL,model1,2021-10-18,buy,6.374906865555829,1767.1,2021-10-18,1773.358912170112,39.89998216415872
NULL,model1,2021-10-25,sell,-344.1635750748874,1793.5,2021-10-25,1791.753291193814,601.1535473517646
NULL,model1,2021-10-27,buy,676.4670321312431,1789.4,2021-10-27,1783.9435442994447,-3691.112393710282
NULL,model1,2021-11-03,buy,698.7709035016901,1789.1999999999998,2021-11-03,1781.1917760471376,-5595.9138869855415
NULL,model1,2021-11-15,sell,-361.1097192982109,1872.6,2021-11-15,1784.4833577941915,31819.775932440345
NULL,model1,2021-11-25,buy,1661.764582586384,1789.6,2021-11-25,1845.0818056083058,92197.69953782532
NULL,model1,2021-12-16,buy,354.34825395424485,1778.3,2021-12-16,1762.571512482764,-5573.362089073664
NULL,model1,2021-12-28,sell,-380.6035525589605,1812.0,2021-12-28,1810.644794492713,515.7960305209422
NULL,model1,2021-12-30,buy,838.8342357250904,1805.6,2021-12-30,1789.9305848120327,-13144.041913457557
NULL,model1,2022-01-04,buy,436.6212311307695,1801.1,2022-01-04,1809.1343468435116,3507.9664101456838
NULL,model1,2022-01-07,buy,831.5653770141814,1790.9999999999998,2022-01-07,1804.5852701228414,11297.040271540098
NULL,model1,2022-01-12,sell,-411.7186222010412,1821.3,2022-01-12,1819.7863153449066,623.2121606418953
NULL,model1,2022-01-18,buy,1200.394718788521,1818.7,2022-01-18,1805.6979033831587,-15607.648112034392
NULL,model1,2022-01-24,sell,-417.85994030303425,1835.2,2022-01-24,1833.0927923127003,880.51767842115
NULL,model1,2022-02-01,buy,1725.4709412714856,1798.1,2022-02-01,1832.7660930052841,59815.336128032606
NULL,model1,2022-02-04,buy,425.23865783629697,1804.6,2022-02-04,1788.020753607695,-7050.13648380099
NULL,model1,2022-02-22,sell,-436.2891982109751,1902.5,2022-02-22,1821.652157364283,35273.04044062402
NULL,model1,2022-02-24,buy,397.0804016639462,1933.021916412129,2022-02-24,1885.9136354036846,-17751.481149600404
NULL,model1,2022-03-10,sell,-390.6439738059801,1992.8,2022-03-10,1933.0219164121295,23351.94811927176
NULL,model1,2022-03-17,buy,685.7222290474106,1928.4,2022-03-17,1954.0182025104907,17566.970929681596
NULL,model1,2022-03-29,sell,-256.46551060370194,1902.4992436765838,2022-03-29,1920.4818241584649,-447.9832150832527
NULL,model1,2022-03-30,buy,256.46551060370194,1922.4,2022-03-30,1902.4992436765838,-5103.857631884816
NULL,model1,2022-04-13,sell,-301.90803660593866,1968.6,2022-04-13,1974.0518769588007,-1645.9654684486957
NULL,model1,2022-04-28,buy,870.2873083412587,1886.7999999999997,2022-04-28,1950.6511154763098,55568.815422464555
NULL,model1,2022-05-03,buy,354.4887776640874,1863.6,2022-05-03,1883.1972996698862,6947.0228054948175
NULL,model1,2022-05-13,buy,1315.6721903527541,1821.4,2022-05-13,1851.896694968086,40123.65346718136
NULL,model1,2022-05-17,buy,333.24328881327693,1823.9,2022-05-17,1793.0200998700484,-10290.51947753064
NULL,model1,2022-05-20,sell,-331.35539101323496,1839.6,2022-05-20,1847.4763267439885,-2609.863328002328
NULL,model1,2022-06-02,buy,660.2994971099024,1846.8000000000002,2022-06-02,1833.6898950851155,-8656.595682356268
NULL,model1,2022-06-06,sell,-344.991606076764,1849.9,2022-06-06,1872.3525837669613,-10726.32170323878
NULL,model1,2022-06-07,buy,381.62569263265493,1841.1,2022-06-07,1849.0707046370642,3041.8256778899677
NULL,model1,2022-06-16,buy,766.4611383557898,1831.9000000000003,2022-06-16,1826.8034507847235,-3906.306913227196
NULL,model1,2022-06-27,buy,355.5114897140984,1833.4,2022-06-27,1817.4758177648866,-5661.229748883963
NULL,model1,2022-07-07,buy,2080.240702664751,1737.2,2022-07-07,1793.4517068483442,117017.09018029104
NULL,model1,2022-07-14,sell,-408.19816205550364,1708.1237949911422,2022-07-14,1713.7278014290316,-15795.343178441748
NULL,model1,2022-07-15,buy,408.19816205550364,1708.2,2022-07-15,1708.1237949911422,-31.106744555205484
NULL,model1,2022-07-22,buy,395.55184950042275,1717.2,2022-07-22,1682.3863810632038,-13770.591358252706
NULL,model1,2022-08-02,sell,-412.5741644004291,1773.8999999999999,2022-08-02,1740.2243472137725,13893.704308916835
NULL,model1,2022-08-08,buy,438.3502683572995,1776.3,2022-08-08,1765.6816220552037,-4654.568821620685
NULL,model1,2022-08-11,sell,-424.05380880686005,1792.3,2022-08-11,1802.0857791670483,-4149.696927929655
NULL,model1,2022-08-22,sell,-519.4657245559745,1726.2783598218848,2022-08-22,1776.6029787487296,40782.486377274276
NULL,model1,2022-08-23,buy,519.4657245559745,1734.6,2022-08-23,1726.2783598218848,-4322.806844618671
NULL,model1,2022-09-02,buy,1057.471670840613,1698.6,2022-09-02,1736.1105067872757,39666.298286418634
NULL,model1,2022-09-28,buy,528.4217750806807,1652.2159511623618,2022-09-28,1708.2978031159294,171417.01932996511
NULL,model1,2022-10-06,sell,-528.4217750806807,1719.4,2022-10-06,1652.2159511623618,35501.51434389199
NULL,model1,2022-10-19,buy,1549.541560366556,1652.3999999999999,2022-10-19,1684.6653041041493,49996.42966724481
NULL,model1,2022-10-21,buy,557.8019653353987,1626.1,2022-10-21,1624.7774529862845,-737.7193234989089
NULL,model1,2022-11-01,buy,559.5153666464001,1636.1,2022-11-01,1638.6739262993985,1440.1513171288395
NULL,model1,2022-11-04,buy,565.0591307972068,1656.4554312763462,2022-11-04,1625.3729909457763,-17738.228485328116
NULL,model1,2022-11-15,sell,-562.5997825619328,1774.0,2022-11-15,1656.4554312763462,66130.5488052638
NULL,model1,2022-11-22,buy,506.73179635076116,1739.7,2022-11-22,1747.415826145807,3909.8544431948935
NULL,model1,2022-12-06,sell,-21.31275797511796,1775.3000000000002,2022-12-06,1765.8554403272187,9128.75416912633
NULL,model1,2022-12-14,sell,-561.9720676316704,1815.1,2022-12-14,1811.7889454665024,1860.7201622308362
NULL,model1,2022-12-16,buy,1107.8753310773704,1779.9,2022-12-16,1791.0896682220948,12396.757386199124
NULL,model1,2022-12-23,buy,573.1532953337171,1793.7,2022-12-23,1792.0984360286977,-917.9416678396748
NULL,model1,2023-01-05,sell,-602.3309855294204,1833.7350895616473,2023-01-05,1834.333519714702,-355.9625884513498
NULL,model1,2023-01-06,buy,605.3298771818814,1865.683777056196,2023-01-06,1833.735089561647,-16.244820618779286
NULL,model1,2023-01-17,sell,-605.3298771818814,1923.8000000000002,2023-01-17,1865.683777056196,35179.48609684766
NULL,model1,2023-02-08,buy,608.7579089811986,1877.4,2023-02-08,1917.2172228101351,24239.04929933629
NULL,model1,2023-02-14,buy,558.4203558516134,1856.0,2023-02-14,1853.9345967639933,-1153.3632100279126
NULL,model1,2023-02-17,buy,601.4305502527372,1835.5,2023-02-17,1834.7648101149682,-2856.4012395185714
NULL,model1,2023-02-27,buy,1203.1352248265443,1818.0,2023-02-27,1817.2443430828166,-909.1574549471678
NULL,model1,2023-03-02,sell,-686.1400183884432,1843.8000000000002,2023-03-02,1847.8243420753367,-2761.262145572971
NULL,model1,2023-03-06,sell,-675.8723230369683,1861.0,2023-03-06,1859.9726033556701,694.388956683624
NULL,model1,2023-03-10,buy,2055.6268978885028,1835.1,2023-03-10,1831.632192716538,-10926.233273650058
NULL,model1,2023-03-22,sell,-721.8742070396179,1943.5,2023-03-22,1835.1,78251.16404309464
NULL,model1,2023-03-28,buy,495.55306761343127,1957.8,2023-03-28,1962.8771712507757,2516.007788120665
NULL,model1,2023-04-04,sell,-460.8484758988255,1993.2,2023-04-04,1989.3472349929536,1775.5408814936613
NULL,model1,2023-04-11,buy,962.4123697794747,1996.7,2023-04-11,1995.2743790755667,-1372.0352122911158
NULL,model1,2023-04-14,sell,-527.0912403160933,2014.510098342528,2023-04-14,2028.8795582684945,-7304.757762309926
NULL,model1,2023-04-17,buy,1039.277181059864,2004.8,2023-04-17,2028.5802265951754,24714.246860798765
NULL,model1,2023-04-20,buy,1004.0406353661107,1996.5,2023-04-20,1977.2807283598738,-19296.929708826163
NULL,model1,2023-04-24,buy,504.13449353686156,1983.2,2023-04-24,1977.3143252488792,-2967.171659779008
NULL,model1,2023-05-05,sell,-521.6702772244644,2023.927180621386,2023-05-05,2016.8381484191257,4947.402184127634
NULL,model1,2023-05-08,buy,1033.5291416513485,2024.6,2023-05-08,2040.8018616846543,16745.096200094766
NULL,model1,2023-05-22,buy,1570.4972431151666,1979.4,2023-05-22,2002.3416374299102,36029.77833622151
NULL,model1,2023-05-26,buy,576.2146415472497,1941.7,2023-05-26,1952.2616099458107,6085.754289087173
NULL,model1,2023-05-31,buy,607.8110163110736,1968.3999999999999,2023-05-31,1949.148722971218,-11701.138256150114
NULL,model1,2023-06-12,sell,-603.1571765434802,1966.0999999999997,2023-06-12,1978.086050091144,-7229.472130883187
NULL,model1,2023-06-16,buy,627.4243308343365,1961.2999999999997,2023-06-16,1941.5837226017302,-12370.472153153562
NULL,model1,2023-06-23,buy,639.3378638255533,1914.9999999999998,2023-06-23,1931.209690076563,4382.693731767766
NULL,model1,2023-06-29,buy,647.5093772087947,1916.5,2023-06-29,1910.329412861341,-3995.5130351656244
NULL,model1,2023-07-05,sell,-587.5840592600852,1929.1,2023-07-05,1942.1370465132054,-7660.360710991825
NULL,model1,2023-07-17,sell,-720.6427836871585,1958.6,2023-07-17,1938.4556333060493,14516.892489943433
NULL,model1,2023-07-26,buy,655.9185588260989,1966.3,2023-07-26,1957.5977357286747,-4377.9085301951245
NULL,model1,2023-07-28,buy,2468.975689221315,1955.5,2023-07-28,1950.0410719393253,-13477.960671013843
NULL,model1,2023-08-04,buy,1565.3979200353265,1941.0,2023-08-04,1958.260421617752,27019.428099361678
NULL,model1,2023-08-17,buy,1599.966244511481,1894.6,2023-08-17,1917.6823881386908,36931.04186461768
NULL,model1,2023-09-01,sell,-766.2948009846702,1947.9,2023-09-01,1908.8385208106884,29932.608421540477
NULL,model1,2023-09-08,buy,2936.347367121347,1925.7,2023-09-08,1935.2722096471166,28107.332594844243
NULL,model1,2023-09-13,buy,1042.2571789017704,1917.8,2023-09-13,1912.0752710682084,-5966.639826426417
NULL,model1,2023-10-05,buy,3346.1561212839238,1828.0000000000002,2023-10-05,1932.5129815708362,349716.7530368876
NULL,model1,2023-10-16,sell,-1148.0361997306002,1913.5444281361158,2023-10-16,1855.5591410459,65302.18969357332
NULL,model1,2023-10-17,buy,21.850696984469096,1923.2000000000003,2023-10-17,1913.5444281361158,-210.98097500949987
NULL,model1,2023-10-23,sell,-1001.8054664811441,1977.9,2023-10-23,1946.949938831904,31005.940466124357
NULL,model1,2023-10-25,buy,938.4591048048921,1972.0,2023-10-25,1961.2685546913262,-10071.022557640632
NULL,model1,2023-11-13,buy,940.3479510314111,1943.4,2023-11-13,1982.1468660348678,36435.536084776424
NULL,model1,2023-11-17,sell,-920.1252135071005,1984.2,2023-11-17,1988.713533655528,-4153.0161184641
NULL,model1,2023-12-04,sell,-974.8122745174297,2056.670343368691,2023-12-04,2004.325194402768,48680.70769256138
NULL,model1,2023-12-08,sell,-837.6530314984008,2008.5970527111929,2023-12-08,2065.187687536326,86142.55184696251
NULL,model1,2023-12-13,buy,837.6530314984008,1985.4999999999998,2023-12-13,2008.5970527111929,19347.316222209065
NULL,model1,2023-12-19,sell,-790.1321394864232,2031.0,2023-12-19,2031.5999999999997,-474.07928369160237
NULL,model1,2023-12-27,sell,-776.1686750442531,2068.0,2023-12-27,2068.968216460147,-751.4992870281611
NULL,model1,2024-01-08,sell,-886.8135919707187,2022.7175022955382,2024-01-08,2051.3300361185657,-5453.195019482735
NULL,model1,2024-01-09,buy,886.8135919707187,2034.5,2024-01-09,2022.7175022955382,-10448.879111680495
NULL,model1,2024-01-18,buy,870.765150361249,2009.1,2024-01-18,2024.2662521315708,13206.243817763947
NULL,model1,2024-02-01,sell,-942.668757114712,2047.7,2024-02-01,2042.6795081191342,4732.660841440311
NULL,model1,2024-02-06,buy,1616.7916109141097,2031.7999999999997,2024-02-06,2033.1724982999679,-11416.043011303345
NULL,model1,2024-02-14,buy,4696.306991645687,1994.8999999999999,2024-02-14,2013.2757191847918,86298.01848405508
NULL,model1,2024-02-20,sell,-1059.358680484059,2016.3525337668038,2024-02-20,2028.6106708976708,-11570.60231723867
NULL,model1,2024-02-21,buy,1059.358680484059,2025.4,2024-02-21,2016.3525337668038,-9584.511890522856
NULL,model1,2024-03-11,sell,-1094.691275412324,2187.6,2024-03-11,2051.489019759639,148999.50255694214
NULL,model1,2024-03-13,buy,3043.777831188422,2163.6,2024-03-13,2163.9511824763385,1068.9214361813922
NULL,model1,2024-03-19,buy,1009.9142970296145,2164.0,2024-03-19,2155.1209354830016,-8967.094199965002
NULL,model1,2024-03-22,sell,-1059.1054719890265,2160.2293038923885,2024-03-22,2190.2,-31051.863001016627
NULL,model1,2024-03-25,buy,23.03133845794764,2166.6,2024-03-25,2160.2293038923885,-146.725658267127
NULL,model1,2024-04-12,sell,-916.2530291574391,2377.7,2024-04-12,2187.950370979006,173858.67237198586
NULL,model1,2024-04-22,sell,-670.3937553279367,2360.6196964567193,2024-04-22,2402.559519497705,-25138.985666189845
NULL,model1,2024-04-23,buy,2097.011171842076,2332.2,2024-04-23,2370.7873307205227,80918.06361250149
NULL,model1,2024-05-01,buy,1292.7108675973695,2298.2,2024-05-01,2314.5669126636376,21157.685869301564
NULL,model1,2024-05-20,sell,-724.0198891889022,2422.2,2024-05-20,2379.1332513912344,31181.18255544468
NULL,model1,2024-05-28,buy,2174.484435578402,2338.0,2024-05-28,2395.1333261117716,124235.52838287238
NULL,model1,2024-06-12,buy,750.0452736317048,2321.7,2024-06-12,2339.8784437195204,13634.655793806376
NULL,model1,2024-06-14,buy,779.2004232505656,2306.3,2024-06-14,2304.378905247112,-1496.9178445548996
NULL,model1,2024-06-25,buy,780.5327607813742,2334.4,2024-06-25,2318.8277295242956,-12154.667266035916
NULL,model1,2024-06-27,buy,888.1635118715762,2334.373639770366,2024-06-27,2297.62702133141,-10050.57934587272
NULL,model1,2024-07-12,sell,-888.1635118715762,2421.0,2024-07-12,2334.373639770366,76938.37232220396
NULL,model1,2024-07-22,buy,3609.9024391901166,2403.7,2024-07-22,2429.404118961988,92789.36173811383
NULL,model1,2024-07-26,buy,2677.769575205476,2363.8,2024-07-26,2380.6086674298886,45009.73824350231
NULL,model1,2024-07-31,sell,-869.0199020690751,2420.8,2024-07-31,2390.3147188631638,26492.31602808181
NULL,model1,2024-08-06,buy,858.9949121937543,2420.9,2024-08-06,2408.7006788110893,-10479.154833491792
NULL,model1,2024-08-13,sell,-738.9513026444021,2477.3,2024-08-13,2442.038221169368,26056.737400454324
NULL,model1,2024-08-19,sell,-810.7841509736686,2512.8,2024-08-19,2485.8376915635035,21860.612353975113
NULL,model1,2024-08-23,buy,2312.51703446337,2486.2,2024-08-23,2474.448514793438,-27175.509720418773
NULL,model1,2024-09-04,buy,833.4974584775705,2500.4,2024-09-04,2498.0924721685446,-1923.3185828843732
NULL,model1,2024-09-24,sell,-904.7997555206016,2628.6,2024-09-24,2535.145483078335,84557.62406301832
NULL,model1,2024-10-07,buy,1947.8466589151285,2658.8,2024-10-07,2644.7080112606623,-27449.033183388983
NULL,model1,2024-10-09,buy,2015.3860251420006,2628.8,2024-10-09,2629.1930012490184,792.0492251346276
NULL,model1,2024-10-30,sell,-993.6447555306061,2786.9,2024-10-30,2647.0605239895513,138950.7619539305
NULL,model1,2024-11-12,buy,2246.4362992543047,2625.7,2024-11-12,2770.5798516496043,325463.3577762501
NULL,model1,2024-11-15,buy,929.7082523593521,2570.4,2024-11-15,2577.399085870665,6507.107892929096
NULL,model1,2024-11-22,sell,-929.5339018367047,2672.0,2024-11-22,2610.2151345486677,57431.127057432706
NULL,model1,2024-11-26,buy,1959.8822600038666,2626.2,2024-11-26,2673.482125048947,92667.3980987164
NULL,model1,2024-12-11,sell,-894.682751542475,2708.8,2024-12-11,2679.52816915072,26189.00216692007
NULL,model1,2024-12-17,buy,2850.0944824927055,2657.2,2024-12-17,2700.3752711673433,123053.60213417198
NULL,model1,2024-12-19,sell,-960.829633500194,2586.0,2024-12-19,2616.3204928892605,30076.80275750006
NULL,model1,2024-12-20,buy,960.829633500194,2597.7,2024-12-20,2586.0,-11241.706711952094
NULL,model1,2025-01-03,sell,-1102.9412561628053,2671.1,2025-01-03,2654.8519218699903,17920.675702944212
NULL,model1,2025-01-07,buy,2072.735946671777,2647.1,2025-01-07,2629.804075901592,-35849.883609676486
NULL,model1,2025-01-17,sell,-1134.2828300058932,2746.8,2025-01-17,2683.294414121126,72033.29567187169
NULL,model1,2025-01-24,buy,1136.4302650982925,2779.3,2025-01-24,2761.214095232839,-20553.36954908734
NULL,model1,2025-02-06,sell,-1124.1168968469594,2885.0,2025-02-06,2788.940907681889,107981.64877057076
NULL,model1,2025-02-11,sell,-1067.1823407552934,2937.0,2025-02-11,2916.0096221156173,22400.560603993697
NULL,model1,2025-02-13,buy,2114.031651473306,2928.8,2025-02-13,2894.5769172919627,-72348.68005578007
NULL,model1,2025-02-18,buy,976.8993097635848,2895.1,2025-02-18,2902.966591596102,7684.867900423961
NULL,model1,2025-02-26,buy,4730.499946173618,2915.6,2025-02-26,2910.3215405662268,-24969.752067343514
NULL,model1,2025-03-03,buy,915.5035097042626,2894.092129935745,2025-03-03,2873.263134495808,2354.3074175811057
NULL,model1,2025-03-04,sell,-915.5035097042626,2904.2,2025-03-04,2894.092129935745,9253.790519459839
NULL,model1,2025-03-18,sell,-889.6169605545645,3036.9,2025-03-18,2945.930458975209,80928.04658951827
NULL,model1,2025-03-26,buy,971.173721351604,3039.5,2025-03-26,3027.8694007669064,-11295.332338752585
NULL,model1,2025-03-31,sell,-1013.9578372297077,3118.8,2025-03-31,3078.922604415127,40433.99778159161
NULL,model1,2025-04-07,buy,4999.248176442044,3055.1,2025-04-07,3123.933627188344,344116.3851992205
NULL,model1,2025-04-11,sell,-862.4424962012037,3194.2,2025-04-11,3028.0047499473662,143333.84631217652
NULL,model1,2025-04-17,sell,-727.022444629099,3357.5,2025-04-17,3305.555423016325,37764.87334389567
NULL,model1,2025-04-24,buy,1384.457405775534,3301.8,2025-04-24,3356.7591905870827,76088.65842371539
NULL,model1,2025-04-29,buy,1185.7739533561326,3354.9,2025-04-29,3266.693508948268,-104592.95960608455
NULL,model1,2025-05-02,buy,570.0228452268608,3247.6,2025-05-02,3249.880995508909,1300.2195499381135
NULL,model1,2025-05-06,sell,-1172.856166327966,3345.7,2025-05-06,3313.940393103833,37249.45078832171
NULL,model1,2025-05-09,buy,1713.3679330383566,3310.2000000000003,2025-05-09,3328.9617901667625,32145.84963812556
NULL,model1,2025-05-13,buy,550.7379418676652,3240.7,2025-05-13,3256.4066572694387,8650.252098191579
NULL,model1,2025-05-16,buy,537.5018612100107,3243.5,2025-05-16,3157.8924748904856,-46014.20407994673
NULL,model1,2025-05-28,buy,533.640552874347,3317.3,2025-05-28,3304.7650391160337,-6689.163456378199
NULL,model1,2025-06-10,buy,614.7677361178977,3346.3,2025-06-10,3321.5321379053044,-15226.482508436446
NULL,model1,2025-06-13,sell,-701.5765893933626,3406.7,2025-06-13,3406.5003268534647,140.08600513955983
